"氏名","ふりがな","氏名ふりがな"
"宮澤宏行","みやざわひろゆき","宮澤宏行（みやざわひろゆき）"
"川原のぶあき","かわらのぶあき","川原のぶあき（かわらのぶあき）"
"岩崎ふみひろ","いわさきふみひろ","岩崎ふみひろ（いわさきふみひろ）"
"鴨志田リエ","かもしだりえ","鴨志田リエ（かもしだりえ）"
"かいでん和弘","かいでんかずひろ","かいでん和弘（かいでんかずひろ）"
"いその弘三","いそのこうぞう","いその弘三（いそのこうぞう）"
"武藤まさひろ","むとうまさひろ","武藤まさひろ（むとうまさひろ）"
"松嶋祐一郎","まつしまゆういちろう","松嶋祐一郎（まつしまゆういちろう）"
"金井ひろし","かないひろし","金井ひろし（かないひろし）"
"吉野正人","よしのまさひと","吉野正人（よしのまさひと）"
"川端しんじ","かわばたしんじ","川端しんじ（かわばたしんじ）"
"松田哲也","まつだてつや","松田哲也（まつだてつや）"
"鈴木まさし","すずきまさし","鈴木まさし（すずきまさし）"
"佐藤ゆたか","さとうゆたか","佐藤ゆたか（さとうゆたか）"
"そうだ次郎","そうだじろう","そうだ次郎（そうだじろう）"
"山宮きよたか","さんぐうきよたか","山宮きよたか（さんぐうきよたか）"
"小林かなこ","こばやしかなこ","小林かなこ（こばやしかなこ）"
"石川恭子","いしかわきょうこ","石川恭子（いしかわきょうこ）"
"斉藤優子","さいとうゆうこ","斉藤優子（さいとうゆうこ）"
"西村ちほ","にしむらちほ","西村ちほ（にしむらちほ）"
"白川愛","しらかわあい","白川愛（しらかわあい）"
"青木英太","あおきえいた","青木英太（あおきえいた）"
"梅田まさみ","うめだまさみ","梅田まさみ（うめだまさみ）"
"岸大介","きしだいすけ","岸大介（きしだいすけ）"
"たぞえ麻友","たぞえまゆ","たぞえ麻友（たぞえまゆ）"
"おのせ康裕","おのせやすひろ","おのせ康裕（おのせやすひろ）"
"いいじま和代","いいじまかずよ","いいじま和代（いいじまかずよ）"
"佐藤昇","さとうのぼる","佐藤昇（さとうのぼる）"
"関けんいち","かんけんいち","関けんいち（かんけんいち）"
"橋本しょうへい","はしもとしょうへい","橋本しょうへい（はしもとしょうへい）"
"芋川ゆうき","いもかわゆうき","芋川ゆうき（いもかわゆうき）"
"河野陽子","こうのようこ","河野陽子（こうのようこ）"
"田島けんじ","たじまけんじ","田島けんじ（たじまけんじ）"
"田島","たじま","田島（たじま）"
"松嶋","まつしま","松嶋（まつしま）"
"河野","こうの","河野（こうの）"
"いいじま","いいじま","いいじま（いいじま）"
"石川","いしかわ","石川（いしかわ）"
"橋本","はしもと","橋本（はしもと）"
"吉野","よしの","吉野（よしの）"
"岸","きし","岸（きし）"
"たぞえ","たぞえ","たぞえ（たぞえ）"
"松田","まつだ","松田（まつだ）"
"鴨志田","かもしだ","鴨志田（かもしだ）"
"いその","いその","いその（いその）"
"山宮","さんぐう","山宮（さんぐう）"
"川端","かわばた","川端（かわばた）"
"そうだ","そうだ","そうだ（そうだ）"
"武藤","むとう","武藤（むとう）"
"かいでん","かいでん","かいでん（かいでん）"
"斉藤","さいとう","斉藤（さいとう）"
"白川","しらかわ","白川（しらかわ）"
"金井","かない","金井（かない）"
"小林","こばやし","小林（こばやし）"
"梅田","うめだ","梅田（うめだ）"
"佐藤（昇）","さとう（のぼる）","佐藤（昇）（さとう（のぼる））"
"宮澤","みやざわ","宮澤（みやざわ）"
"岩崎","いわさき","岩崎（いわさき）"
"鈴木","すずき","鈴木（すずき）"
"関","かん","関（かん）"
"芋川","いもかわ","芋川（いもかわ）"
"佐藤（ゆ）","さとう（ゆ）","佐藤（ゆ）（さとう（ゆ））"
"西村","にしむら","西村（にしむら）"
"青木","あおき","青木（あおき）"
"川原","かわら","川原（かわら）"
"佐藤","さとう","佐藤（さとう）"
"おのせ","おのせ","おのせ（おのせ）"
"西崎つばさ","にしざきつばさ","西崎つばさ（にしざきつばさ）"
"西崎","にしざき","西崎（にしざき）"
"松島","まつしま","松島（まつしま）"
"山本ひろこ","やまもとひろこ","山本ひろこ（やまもとひろこ）"
"山本","やまもと","山本（やまもと）"
"須藤","すどう","須藤（すどう）"
"須藤甚一郎","すどうじんいちろう","須藤甚一郎（すどうじんいちろう）"
"竹村ゆうい","たけむらゆうい","竹村ゆうい（たけむらゆうい）"
"今井れい子","いまいれいこ","今井れい子（いまいれいこ）"
"森美彦","もりよしひこ","森美彦（もりよしひこ）"
"飯田倫子","いいだのりこ","飯田倫子（いいだのりこ）"
"小沢あい","おざわあい","小沢あい（おざわあい）"
"広吉敦子","ひろきちあつこ","広吉敦子（ひろきちあつこ）"
"橋本欣一","はしもときんいち","橋本欣一（はしもときんいち）"
"広吉","ひろきち","広吉（ひろきち）"
"竹村","たけむら","竹村（たけむら）"
"森","もり","森（もり）"
"小沢","おざわ","小沢（おざわ）"
"飯田","いいだ","飯田（いいだ）"
"今井","いまい","今井（いまい）"
"青木早苗","あおきさなえ","青木早苗（あおきさなえ）"
"坂本史子","さかもとふみこ","坂本史子（さかもとふみこ）"
"坂本","さかもと","坂本（さかもと）"
"星見","ほしけん","星見（ほしけん）"
"星見てい子","ほしみていこ","星見てい子（ほしみていこ）"
"木村洋子","きむらようこ","木村洋子（きむらようこ）"
"伊藤よしあき","いとうよしあき","伊藤よしあき（いとうよしあき）"
"二ノ宮啓吉","にのみやけいきち","二ノ宮啓吉（にのみやけいきち）"
"赤城ゆたか","あかぎゆたか","赤城ゆたか（あかぎゆたか）"
"秋元かおる","あきもとかおる","秋元かおる（あきもとかおる）"
"梅原たつろう","うめはらたつろう","梅原たつろう（うめはらたつろう）"
"香野","こうの","香野（こうの）"
"梅原","うめはら","梅原（うめはら）"
"木村","きむら","木村（きむら）"
"清水","しみず","清水（しみず）"
"赤城","あかぎ","赤城（あかぎ）"
"秋元","あきもと","秋元（あきもと）"
"伊藤","いとう","伊藤（いとう）"
"二ノ宮","にのみや","二ノ宮（にのみや）"
"飯島","いいじま","飯島（いいじま）"
"香野あかね","こうのあかね","香野あかね（こうのあかね）"
"清水まさき","しみずまさき","清水まさき（しみずまさき）"
"伊賀やすお","いがやすお","伊賀やすお（いがやすお）"
"栗山よしじ","くりやまよしじ","栗山よしじ（くりやまよしじ）"
"伊賀","いが","伊賀（いが）"
"栗山","くりやま","栗山（くりやま）"
"森　美彦","もり　よしひこ","森　美彦（もり　よしひこ）"
"富士見大郎","ふじみたろう","富士見大郎（ふじみたろう）"
"石橋ひとし","いしばしひとし","石橋ひとし（いしばしひとし）"
"つちや克彦","つちやかつひこ","つちや克彦（つちやかつひこ）"
"戸沢二郎","とざわじろう","戸沢二郎（とざわじろう）"
"市沢芳範","いちさわよしのり","市沢芳範（いちさわよしのり）"
"工藤はる代","くどうはるだい","工藤はる代（くどうはるだい）"
"宮沢信男","みやざわのぶお","宮沢信男（みやざわのぶお）"
"増田宜男","ますだよしお","増田宜男（ますだよしお）"
"市沢","いちさわ","市沢（いちさわ）"
"富士見","ふじみ","富士見（ふじみ）"
"つちや","つちや","つちや（つちや）"
"戸沢","とざわ","戸沢（とざわ）"
"石橋","いしばし","石橋（いしばし）"
"増田","ますだ","増田（ますだ）"
"工藤","くどう","工藤（くどう）"
"雨宮","あめみや","雨宮（あめみや）"
"宮沢","みやざわ","宮沢（みやざわ）"
"雨宮正弘","あめみやまさひろ","雨宮正弘（あめみやまさひろ）"
"沢井正代","さわいしょうだい","沢井正代（さわいしょうだい）"
"沢井","さわい","沢井（さわい）"
"佐久間やす子","さくまやすこ","佐久間やす子（さくまやすこ）"
"野沢まり子","のざわまりこ","野沢まり子（のざわまりこ）"
"安久美与子","あくみよこ","安久美与子（あくみよこ）"
"高品吉伸","たかしなよしのぶ","高品吉伸（たかしなよしのぶ）"
"つづき秀行","つづきひでゆき","つづき秀行（つづきひでゆき）"
"石山京秀","いしやまきょうしゅう","石山京秀（いしやまきょうしゅう）"
"つづき","つづき","つづき（つづき）"
"下岡","しもおか","下岡（しもおか）"
"野沢","のざわ","野沢（のざわ）"
"安久","あく","安久（あく）"
"高品","たかしな","高品（たかしな）"
"佐久間","さくま","佐久間（さくま）"
"下岡こうじ","しもおかこうじ","下岡こうじ（しもおかこうじ）"
"俵一郎","たわらいちろう","俵一郎（たわらいちろう）"
"小林くにお","こばやしくにお","小林くにお（こばやしくにお）"
"中島ようじ","なかじまようじ","中島ようじ（なかじまようじ）"
"島崎たかよし","しまざきたかよし","島崎たかよし（しまざきたかよし）"
"寺島よしお","てらしまよしお","寺島よしお（てらしまよしお）"
"川崎えり子","かわさきえりこ","川崎えり子（かわさきえりこ）"
"島崎","しまざき","島崎（しまざき）"
"川崎","かわさき","川崎（かわさき）"
"俵","たわら","俵（たわら）"
"中島","なかじま","中島（なかじま）"
"寺島","てらしま","寺島（てらしま）"
"石山","いしやま","石山（いしやま）"
"鈴木隆道","すずきたかみち","鈴木隆道（すずきたかみち）"
"伊藤悠","いとうゆう","伊藤悠（いとうゆう）"
"伊藤（よ）","いとう（よ）","伊藤（よ）（いとう（よ））"
"伊藤（悠）","いとう（ゆう）","伊藤（悠）（いとう（ゆう））"
"橋本欣三郎","はしもときんざぶろう","橋本欣三郎（はしもときんざぶろう）"
"小林フミ子","こばやしふみこ","小林フミ子（こばやしふみこ）"
"上村泰一","かみむらひろかず","上村泰一（かみむらひろかず）"
"栗山鈴太郎","くりやますずたろう","栗山鈴太郎（くりやますずたろう）"
"岡田弘","おかだひろし","岡田弘（おかだひろし）"
"原千万年","はらせんまんねん","原千万年（はらせんまんねん）"
"原","はら","原（はら）"
"小林（フ）","こばやし（ふ）","小林（フ）（こばやし（ふ））"
"上村","かみむら","上村（かみむら）"
"岡田","おかだ","岡田（おかだ）"
"小林（く）","こばやし（く）","小林（く）（こばやし（く））"
"長谷川","はせがわ","長谷川（はせがわ）"
"平野","へいや","平野（へいや）"
"長谷川光延","はせがわみつのぶ","長谷川光延（はせがわみつのぶ）"
"平野サトシ","へいやさとし","平野サトシ（へいやさとし）"
"くりた靖巳","くりたやすしし","くりた靖巳（くりたやすしし）"
"堀田武士","ほったぶし","堀田武士（ほったぶし）"
"清水真邦","しみずまことくに","清水真邦（しみずまことくに）"
"くりた","くりた","くりた（くりた）"
"堀田","ほった","堀田（ほった）"
"石橋佳子","いしばしけいこ","石橋佳子（いしばしけいこ）"
